<?xml version="1.0"?>
<config>
  <sections>
    <ubisync translate="label" module="ubisync">
      <class>separator-top</class>
      <tab>customer</tab>
      <label>Ubivox Synchronization</label>
      <sort_order>109</sort_order>
      <show_in_default>1</show_in_default>
      <show_in_website>1</show_in_website>
      <show_in_store>1</show_in_store>      
      <groups>
        <credentials translate="label">
          <label>Ubivox Synchronization credentials</label>
          <frontend_type>text</frontend_type>
          <sort_order>1</sort_order>
          <show_in_default>1</show_in_default>
          <show_in_website>1</show_in_website>
          <show_in_store>1</show_in_store>
          <fields>
            <ubivox_username translate="label">
              <label>Ubivox login</label>
              <frontend_type>text</frontend_type>
              <sort_order>1</sort_order>              
              <show_in_default>1</show_in_default>
              <show_in_website>1</show_in_website>
              <show_in_store>1</show_in_store>
              <comment>Your ubivox account login</comment>
            </ubivox_username>
            <ubivox_password translate="label">
              <label></label>
              <frontend_type>text</frontend_type>
              <sort_order>2</sort_order>              
              <show_in_default>1</show_in_default>
              <show_in_website>1</show_in_website>
              <show_in_store>1</show_in_store>
              <comment>Your ubivox API password</comment>
            </ubivox_password>
            <ubivox_url translate="label">
              <label>URL XML-RPC</label>
              <frontend_type>text</frontend_type>
              <sort_order>4</sort_order>              
              <show_in_default>1</show_in_default>
              <show_in_website>1</show_in_website>
              <show_in_store>1</show_in_store>
              <comment><![CDATA[Your XML-RPC URL. (eg. https://&lt;USERNAME&gt;.clients.ubivox.com/xmlrpc/]]></comment>
            </ubivox_url>
          </fields>
        </credentials>
        <configuration translate="label">
          <label>Ubivox Configuration</label>
          <frontend_type>text</frontend_type>
          <sort_order>2</sort_order>
          <show_in_default>1</show_in_default>
          <show_in_website>1</show_in_website>
          <show_in_store>1</show_in_store>
          <fields>
            <ubivox_listid translate="label">
              <label>Ubivox list</label>
              <frontend_type>select</frontend_type>
              <source_model>ubisync/listids</source_model>
              <sort_order>1</sort_order>              
              <show_in_default>1</show_in_default>
              <show_in_website>1</show_in_website>
              <show_in_store>1</show_in_store>
              <comment>Please select the list to synchronize with ubivox.</comment>
            </ubivox_listid>
            <ubivox_errormail translate="label">
              <label>Error notification</label>
              <frontend_type>text</frontend_type>
              <sort_order>2</sort_order>
              <show_in_default>1</show_in_default>
              <show_in_website>1</show_in_website>
              <show_in_store>1</show_in_store>
              <comment>In case an error occurs during synchronization/newsletter signups, a e-mail will be sent to the given e-mail. Please verify its correctness.</comment>
            </ubivox_errormail>
          </fields>
        </configuration>
      </groups>
    </ubisync>
  </sections>
</config>
